Description,Buy Price,Original Price,Rating,Reviews,Link
"LG UltraWide 73 cm (29 Inches) WFHD (2560 x 1080) IPS Display - HDR 10, AMD Freesync, Inbuilt 5W Speaker, sRGB 99%, Multi Tasking Monitor, HDMI X 2, Made in India - 29WL50S, Black","₹18,899","₹29,000",4.5 out of 5 stars,504,https://www.amazon.in/LG-UltraWide-Inches-WFHD-Display/dp/B09GW9LFMG/ref=sr_1_1?keywords=ultrawide+monitor&qid=1646499975&sr=8-1
"LG UltraWide cm 87 cm (34 Inch) WFHD (2560 x 1080) IPS Display - HDR 10, AMD Free sync, sRGB 99%, Multitasking and Gaming Monitor - 34WL500","₹27,999","₹40,000",4.4 out of 5 stars,625,https://www.amazon.in/LG-UltraWide-Inch-WFHD-Display/dp/B08CF4LZT1/ref=sr_1_2?keywords=ultrawide+monitor&qid=1646499975&sr=8-2
"LG UltraWide 87 cm (34 Inches) WFHD (2560 x 1080) IPS Display - HDR 10, Radeon FreeSync, sRGB 99%, Inbuilt Speaker Maxx Audio (5W x 2), HDMI x 2, Audio Out - 34WL50S (Black)","₹26,999","₹36,000",4.5 out of 5 stars,619,https://www.amazon.in/LG-UltraWide-86-6-WFHD-Display/dp/B08J5QFCLG/ref=sr_1_3?keywords=ultrawide+monitor&qid=1646499975&sr=8-3
"LG UltraWide 73 cm (29 Inches) WFHD (2560 x 1080) IPS Gaming Monitor with 1ms Response Rate, 75Hz Refresh Rate, AMD Freesync, Color Calibrated - USB C, Display Port, HDMI- 29WP60G, Black","₹21,932","₹25,000",4.4 out of 5 stars,"5,375",https://www.amazon.in/LG-UltraWide-Response-Freesync-Calibrated/dp/B09GWBW4RK/ref=sr_1_4?keywords=ultrawide+monitor&qid=1646499975&sr=8-4
"LG UltraWide 73 cm (29 inch) 21:9 WFHD (2560 x 1080) IPS Display - HDR 10, AMD FreeSync, sRGB 99%, Slim Bezel, Multitasking Monitor, HDMI X 2, Made in India - 29WL500 (Black), Small","₹19,499","₹23,000",4.3 out of 5 stars,261,https://www.amazon.in/LG-UltraWide-73-inch-Multitasking/dp/B09GW992N6/ref=sr_1_5?keywords=ultrawide+monitor&qid=1646499975&sr=8-5
"LG Ultragear 86.6 cm (34-inch) G-Sync Compatible Curved Ultrawide, 1ms, 144Hz, HDR 10, IPS Gaming Monitor with Height Adjust Stand, HDMI x 2, Display Port - 34GL750-B (Black)","₹35,999","₹58,000",4.4 out of 5 stars,"5,761",https://www.amazon.in/LG-Ultragear-34-inch-Compatible-Ultrawide/dp/B07R5R9VR9/ref=sr_1_6?keywords=ultrawide+monitor&qid=1646499975&sr=8-6
"LG 34 (87cm) UltraWide Curved Gaming - 165Hz 1ms -QHD (2K 3440 x 1440) sRGB 99% HDR 10 Color Calibrated, Freesync Premium, HDM1 x 2 DP, 7W Speaker, Tilt & Height Adjust - 34WP65C (Black), 34 Inches","₹44,111","₹75,000",4.5 out of 5 stars,2,https://www.amazon.in/LG-87cm-UltraWide-Curved-Gaming/dp/B09P1Y77M6/ref=sr_1_7?keywords=ultrawide+monitor&qid=1646499975&sr=8-7
"LG UltraWide 87 cm (34 inch) - Ergo Stand, QHD (3440 x 1440) IPS (sRGB 99%) HDR 10, USB Hub (2 up 1 Down) HDMI X 2, Display Port, Inbuilt Speaker (14W x 2) - 34WN780 (Black)","₹39,939","₹80,000",,,https://www.amazon.in/LG-UltraWide-87-34-inch/dp/B09T34VHST/ref=sr_1_8?keywords=ultrawide+monitor&qid=1646499975&sr=8-8
"Zebronics 27 inch (68.5 cm) LED Monitor with Full HD Display, HDMI and VGA Port, Built in Speaker, Slim Bezel, Metal Stand and Wall Mountable - Zeb-A27FHD LED","₹17,647","₹21,499",4.0 out of 5 stars,307,https://www.amazon.in/gp/slredirect/picassoRedirect.html/ref=pa_sp_mtf_aps_sr_pg1_1?ie=UTF8&adId=A0389451N2P6FI5Q2TB&url=%2FZebronics-68-5cm-LED-Monitor-White%2Fdp%2FB07S3H29CT%2Fref%3Dsr_1_9_sspa%3Fkeywords%3Dultrawide%2Bmonitor%26qid%3D1646499975%26sr%3D8-9-spons%26psc%3D1&qualifier=1646499975&id=7853310561266048&widgetName=sp_mtf
"Zebronics 24 inch (60.4 cm) LED Monitor with Full HD Display, HDMI and VGA Port, built in Speaker, Slim Bezel, Metal Stand and Wall Mountable - Zeb-A24FHD LED","₹13,508","₹24,999",3.7 out of 5 stars,589,https://www.amazon.in/gp/slredirect/picassoRedirect.html/ref=pa_sp_mtf_aps_sr_pg1_1?ie=UTF8&adId=A071689428SWIKO6LP4LL&url=%2FZebronics-23-8inch-60-4cm-LED-Monitor%2Fdp%2FB07S2C5S3V%2Fref%3Dsr_1_10_sspa%3Fkeywords%3Dultrawide%2Bmonitor%26qid%3D1646499975%26sr%3D8-10-spons%26psc%3D1&qualifier=1646499975&id=7853310561266048&widgetName=sp_mtf
"LG 87 cm (34 Inches) 21:9 UltraWide QHD/2K (3440 x 1440) Color Calibrated IPS Monitor, sRGB 95%, HDR 10, Height Adjustable, Speaker (7W x 2), HDMI x 2, DP - 34WN750, Black, 34 Inches (34WN750-B)","₹42,290","₹60,000",4.6 out of 5 stars,48,https://www.amazon.in/LG-34-inch-86-7-Calibrated-Adjustable/dp/B097RVPVPM/ref=sr_1_11?keywords=ultrawide+monitor&qid=1646499975&sr=8-11
"Samsung 34-inch (86.40cm) Curved Monitor- 21:9 Ultrawide QLED, Thunderbolt 3 Port- LC34J791WTWXXL, Gray","₹69,999","₹90,000",4.2 out of 5 stars,76,https://www.amazon.in/Samsung-Monitor-Ultrawide-Thunderbolt-LC34J791WTWXXL/dp/B07TVDMT91/ref=sr_1_12?keywords=ultrawide+monitor&qid=1646499975&sr=8-12
"LG Curved UltraWide 87 cm (34 Inches) QHD (3440 x 1440) IPS Display - HDR 10, sRGB 99%, 1.07 Billion Colors, USB C with 60W Power Delivery, Display Port, HDMI, 34WN80C","₹65,900","₹74,500",4.6 out of 5 stars,8,https://www.amazon.in/LG-Curved-UltraWide-Inch-Display/dp/B08CF59SLK/ref=sr_1_13?keywords=ultrawide+monitor&qid=1646499975&sr=8-13
LG 25UM58 25-inch Ultra-Wide LED Monitor (Black),"₹15,789","₹30,000",4.4 out of 5 stars,295,https://www.amazon.in/LG-inch-63-5-Ultrawide-Monitor/dp/B01MG52X3Y/ref=sr_1_14?keywords=ultrawide+monitor&qid=1646499975&sr=8-14
"Lenovo ThinkVision 34 inch VA Panel, Ultrawide Curved Monitor, 3440X1440 WQHD Resolution I Height Adjustment and Pivot I USB-C, USB 3.1, HDMI 2.0, DisplayPort 1.2, Headphone/mic Combo connectivity I","₹49,999","₹78,342",4.1 out of 5 stars,11,https://www.amazon.in/Lenovo-ThinkVision-Resolution-DisplayPort-connectivity/dp/B08Q3GNDGL/ref=sr_1_15?keywords=ultrawide+monitor&qid=1646499975&sr=8-15
"Acer CB342CK 34 Inch IPS UltraWide QHD (3440 x 1440) Zero Frame Monitor with AMD Radeon FREESYNC Technology - HDR Ready, 1MS VRB I 75Hz Refresh I Height Adjustment I Pivot I Eye Care Features, Silver","₹36,999","₹49,999",4.1 out of 5 stars,111,https://www.amazon.in/Acer-CB342CK-UltraWide-FREESYNC-Technology/dp/B09LD6HV1Q/ref=sr_1_16?keywords=ultrawide+monitor&qid=1646499975&sr=8-16
"Acer Predator X35 1800R Curved 35 Inch UltraWide QHD Gaming Monitor I G-SYNC Ultimate I Quantum Dot I 200Hz I VESA Display HDR 1000 I Adjustable Stand I Display Port, HDMI Port & USB 3.0 HUB","₹1,84,999","₹2,26,999",3.6 out of 5 stars,8,https://www.amazon.in/Acer-Predator-UltraWide-Ultimate-Adjustable/dp/B08P2VQ5XV/ref=sr_1_17?keywords=ultrawide+monitor&qid=1646499975&sr=8-17
(Renewed) LG 34WL500-B 34 Inch 21:9 UltraWide™ 1080p Full HD IPS Monitor with HDR,"₹24,999","₹30,000",4.7 out of 5 stars,3,https://www.amazon.in/Renewed-LG-34WL500-B-Inch-UltraWideTM/dp/B085LMDYXT/ref=sr_1_18?keywords=ultrawide+monitor&qid=1646499975&sr=8-18
"ViewSonic Portable Monitor VG1655 39.62 cm (15.6"") 1080p IPS Panel, Frameless Design, 2 Way Powered 60W USB C, Dual Speakers, One Cable Solution, 0.9 kgs Light","₹17,886","₹35,500",4.3 out of 5 stars,862,https://www.amazon.in/gp/slredirect/picassoRedirect.html/ref=pa_sp_btf_aps_sr_pg1_1?ie=UTF8&adId=A0386601SEBSDG03ZYLN&url=%2FViewSonic-Portable-VG1655-Frameless-Speakers%2Fdp%2FB087792CQT%2Fref%3Dsr_1_19_sspa%3Fkeywords%3Dultrawide%2Bmonitor%26qid%3D1646499975%26sr%3D8-19-spons%26psc%3D1&qualifier=1646499975&id=7853310561266048&widgetName=sp_btf
"ViewSonic Crossover Monitor VX3211-4K-MHD 80.01 cm (32"") 4K Display, 10 Bit VA Panel, 300 Nits, Frameless, 1.07 Billion Colors, 3MS, Dual Speakers, HDMI 2.0 X 2, DP Port, PIP, HDR 10, AMD FreeSync","₹28,990","₹42,600",4.2 out of 5 stars,398,https://www.amazon.in/gp/slredirect/picassoRedirect.html/ref=pa_sp_btf_aps_sr_pg1_1?ie=UTF8&adId=A03547871Y34WL64CB0ES&url=%2FViewsonic-VX3211-4K-MHD-31-5-WLED-Monitor%2Fdp%2FB07F733RYH%2Fref%3Dsr_1_20_sspa%3Fkeywords%3Dultrawide%2Bmonitor%26qid%3D1646499975%26sr%3D8-20-spons%26psc%3D1&qualifier=1646499975&id=7853310561266048&widgetName=sp_btf
"ViewSonic Crossover Monitor VX2781-MH 68.58 cm (27"") FHD (1080), SuperClear IPS Panel Borderless, 75Hz, 1MS, AMD FreeSync, 2 x HDMI 1.4, Dual Speakers, 102% SRGB, Flicker-Free and Blue Light Filter","₹16,664","₹29,600",4.3 out of 5 stars,56,https://www.amazon.in/gp/slredirect/picassoRedirect.html/ref=pa_sp_btf_aps_sr_pg1_1?ie=UTF8&adId=A03557671QX9YBYIQQFLH&url=%2FViewSonic-VX2781-MH-Frameless-Technology-Flicker-Free%2Fdp%2FB08GSYVXTD%2Fref%3Dsr_1_21_sspa%3Fkeywords%3Dultrawide%2Bmonitor%26qid%3D1646499975%26sr%3D8-21-spons%26psc%3D1&qualifier=1646499975&id=7853310561266048&widgetName=sp_btf
"ViewSonic Crossover Monitor VX2776-SMHD 68.58cm (27"") FHD (1080), SuperClear AH-IPS Panel, 75Hz, Dual Speakers, Low Emissions, BlueLight Filter, Flicker-Free, Game Mode, HDMI, DP, VGA","₹20,800","₹29,000",4.4 out of 5 stars,"3,456",https://www.amazon.in/gp/slredirect/picassoRedirect.html/ref=pa_sp_btf_aps_sr_pg1_1?ie=UTF8&adId=A03553673K820XH3NVFUP&url=%2FViewSonic-VX2776-Smhd-27-inch-Monitor-Black%2Fdp%2FB01GE9QWB6%2Fref%3Dsr_1_22_sspa%3Fkeywords%3Dultrawide%2Bmonitor%26qid%3D1646499975%26sr%3D8-22-spons%26psc%3D1&qualifier=1646499975&id=7853310561266048&widgetName=sp_btf
